loss,mape,val_loss,val_mape
0.019556066021323204,933292.25,0.02315949648618698,11606187.0
0.01752672716975212,760041.9375,0.027748195454478264,12675328.0
0.017123481258749962,735570.25,0.03176655247807503,13413729.0
0.016879068687558174,703513.3125,0.0313786081969738,13738820.0
0.016660304740071297,705936.125,0.029457593336701393,13244918.0
0.016500137746334076,683446.0,0.030023228377103806,13432939.0
0.016282688826322556,668047.625,0.026366176083683968,12850446.0
0.01615145243704319,664416.25,0.02951088175177574,13942708.0
0.016071561723947525,665416.5,0.029093017801642418,13445260.0
0.0159674771130085,656524.75,0.02990262769162655,13939266.0
0.015923604369163513,655083.875,0.030360588803887367,14088499.0
0.015849454328417778,646127.75,0.030157659202814102,14081694.0
0.015826305374503136,637121.5,0.02727534994482994,13470369.0
0.015766099095344543,630809.6875,0.030784735456109047,14292812.0
0.015729429200291634,636881.0625,0.02895173989236355,13726853.0
0.015694303438067436,627875.375,0.029965715482831,14055820.0
0.01566743478178978,620718.125,0.0277705080807209,13343848.0
0.015641380101442337,616875.25,0.02849855273962021,13300557.0
0.015617341734468937,604258.25,0.029104292392730713,13725996.0
0.015587164089083672,608243.4375,0.03123774565756321,14292995.0
0.015579700469970703,602659.6875,0.02860431745648384,13893896.0
0.015585267916321754,593099.375,0.02756628766655922,13963168.0
0.015566093847155571,589997.1875,0.031708717346191406,14451377.0
0.015548122115433216,590964.3125,0.030224379152059555,14173536.0
0.015555777586996555,591503.25,0.028850123286247253,13885340.0
0.015550412237644196,593787.4375,0.030865490436553955,14207564.0
0.015491046942770481,585035.5,0.030174780637025833,14522234.0
0.01549677737057209,584266.8125,0.02917833998799324,14483989.0
0.015482334420084953,576797.9375,0.028439011424779892,13680931.0
0.015511379577219486,585777.9375,0.02904915250837803,13710313.0
0.015484899282455444,583400.125,0.02984156832098961,14464144.0
0.015463355928659439,580102.875,0.029885174706578255,13934633.0
0.015475920401513577,575403.4375,0.029340526089072227,14171619.0
0.015452101826667786,574540.625,0.027454862371087074,13477340.0
0.015459583140909672,573094.5,0.0269360039383173,13484995.0
0.015443920157849789,568006.4375,0.03029528632760048,14414176.0
0.015423513948917389,572514.625,0.02833818644285202,13971564.0
0.015424013137817383,568721.0,0.026700222864747047,13784799.0
0.015433035790920258,565681.6875,0.029315225780010223,14293286.0
0.015394901856780052,564849.75,0.028638005256652832,14448893.0
0.0153890335932374,562169.5625,0.03049764409661293,14656160.0
0.015385747887194157,554965.8125,0.02815135568380356,14053389.0
0.015394840389490128,555726.125,0.030270026996731758,14295164.0
0.015365655533969402,558343.75,0.027586374431848526,14118068.0
0.015372696332633495,557483.75,0.027469215914607048,13792928.0
0.01534866914153099,561300.5,0.02806246280670166,14402091.0
0.015364831313490868,555581.25,0.029211988672614098,14454817.0
0.01536954753100872,559137.9375,0.029174264520406723,14731612.0
0.01534036360681057,550661.25,0.02858527936041355,14279951.0
0.015335067175328732,547539.4375,0.027703378349542618,14040792.0
0.015329726971685886,557024.625,0.029170110821723938,14342165.0
0.015296516939997673,553425.625,0.029139753431081772,14480780.0
0.015328973531723022,554013.3125,0.0277877114713192,14210559.0
0.015314704738557339,556964.5,0.027588434517383575,13800028.0
0.015334752388298512,549299.4375,0.02941269986331463,14503030.0
0.015323463827371597,549873.9375,0.02832547388970852,14293458.0
0.015278629958629608,549896.3125,0.029187258332967758,14527333.0
0.015308565460145473,546642.5625,0.029220612719655037,13751803.0
0.015286890789866447,544665.75,0.027624836191534996,13633448.0
0.015250243246555328,543465.4375,0.027484523132443428,13730948.0
0.015273571945726871,539786.5625,0.030164577066898346,14778258.0
0.015254633501172066,538605.1875,0.02701432630419731,13441637.0
0.015288343653082848,543144.125,0.028976576402783394,13785012.0
0.015256348066031933,542510.0625,0.031393393874168396,14285577.0
0.01522902026772499,537610.0,0.0301772840321064,13970321.0
0.01524681318551302,540726.375,0.030642028898000717,14247608.0
0.015228522010147572,535785.9375,0.03132975473999977,14022914.0
0.015232453122735023,537871.6875,0.03052835911512375,14697079.0
0.015202555805444717,536343.4375,0.03175063803792,14602054.0
0.015228180214762688,534782.4375,0.029908042401075363,14119343.0
0.015220988541841507,536196.5625,0.03125526010990143,14081848.0
0.015217815525829792,532096.6875,0.029527906328439713,13873298.0
0.01521221175789833,528361.1875,0.033726442605257034,14311918.0
0.015218455344438553,539461.9375,0.03142865374684334,14267528.0
0.015217802487313747,534504.5,0.03420445695519447,14201067.0
0.015217839740216732,536566.375,0.03358287736773491,14092214.0
0.015176788903772831,534552.875,0.03566218167543411,14065122.0
0.015196052379906178,534895.875,0.03382968530058861,14614656.0
0.015210830606520176,532358.0,0.033636972308158875,14051197.0
0.015201902948319912,541960.5625,0.032269153743982315,13926261.0
0.015196609310805798,535739.0,0.034053705632686615,14042523.0
0.015176063403487206,531110.25,0.03378906473517418,14183414.0
0.015189653262495995,532962.0,0.034049905836582184,14308158.0
0.01518250722438097,531576.6875,0.036712851375341415,13833802.0
0.015172276645898819,530358.3125,0.03703562170267105,14605680.0
0.015171716921031475,532004.0625,0.03871457278728485,14728582.0
0.01518507394939661,536152.8125,0.03757237270474434,14336967.0
0.015164712443947792,529540.375,0.036509498953819275,14349938.0
0.015189887955784798,528672.125,0.036644116044044495,13940399.0
0.015187820419669151,537642.4375,0.037354376167058945,13688026.0
0.015173271298408508,532604.1875,0.03618792071938515,13828506.0
0.015223328024148941,536345.6875,0.03977855667471886,14355209.0
0.015168752521276474,533074.125,0.035972267389297485,14014043.0
0.015190716832876205,531542.8125,0.03723923861980438,14141288.0
0.015183692798018456,531471.3125,0.03972931206226349,14639485.0
0.015169663354754448,528250.625,0.03807101398706436,14345717.0
0.015175800770521164,531410.1875,0.03824979439377785,14070046.0
0.015166995115578175,529483.375,0.03960186988115311,14602916.0
0.015151639468967915,533150.75,0.03831889480352402,13736574.0
0.015153835527598858,532059.5625,0.0400092639029026,13930103.0
0.015169018879532814,529171.75,0.04080212488770485,14665129.0
0.015174015425145626,522739.71875,0.036942899227142334,13839735.0
0.015153700485825539,533250.9375,0.039982568472623825,14154596.0
0.015174579806625843,534012.0,0.03989259526133537,14335238.0
0.015114463865756989,535563.8125,0.03917056694626808,14424870.0
0.01513732597231865,530691.875,0.040167879313230515,14075450.0
0.01513333898037672,530306.4375,0.038367874920368195,14035652.0
0.015149959363043308,526308.8125,0.04077602177858353,14161346.0
0.015154112130403519,521548.71875,0.040110036730766296,13745550.0
0.015141946263611317,525745.375,0.04084332659840584,14399092.0
0.015132308006286621,532374.9375,0.041139159351587296,14684860.0
0.01515738945454359,531757.6875,0.04206380993127823,14439788.0
0.015141039155423641,534702.4375,0.039910200983285904,14132212.0
0.015127038583159447,535926.75,0.03985702246427536,14023280.0
0.015127351507544518,527944.125,0.04041405767202377,14226785.0
0.015115364454686642,537574.5,0.0410291887819767,14443496.0
0.015138502232730389,531435.5,0.04290855675935745,14861993.0
0.015126964077353477,524277.71875,0.041223056614398956,14416122.0
0.015131252817809582,526372.125,0.04034639149904251,13787876.0
0.015095004811882973,524452.1875,0.041540466248989105,14479066.0
0.015106478706002235,526707.3125,0.04272414743900299,14738416.0
0.015107120387256145,522111.09375,0.043307818472385406,14228810.0
0.015114614740014076,528667.625,0.04243507608771324,14501800.0
0.015104408375918865,524404.4375,0.04425743594765663,14712989.0
0.015112686902284622,522945.4375,0.0410248339176178,13666662.0
0.015121056698262691,525158.625,0.04241804778575897,14455892.0
0.015111519023776054,529179.3125,0.04270568862557411,14448219.0
0.015118016861379147,532922.1875,0.04140773415565491,13934109.0
0.015117640607059002,537220.1875,0.044760290533304214,14534537.0
0.015096144750714302,527921.125,0.04055272415280342,13934811.0
0.015123585239052773,527390.375,0.04206448793411255,14446360.0
0.015112871304154396,531473.0,0.042437128722667694,14494634.0
0.015122279524803162,530379.25,0.043373480439186096,14202821.0
0.015117451548576355,528365.1875,0.04045382887125015,13800870.0
0.015099198557436466,525936.25,0.04363314434885979,14523607.0
0.015109021216630936,531582.25,0.04296443983912468,14442245.0
0.01510534342378378,524997.375,0.04396142438054085,15010047.0
0.01511074136942625,526382.125,0.04424190893769264,14520145.0
0.015080380253493786,524693.8125,0.04306311160326004,14768434.0
0.015108741819858551,524665.9375,0.04056413471698761,13769910.0
0.015108384191989899,524237.6875,0.04328804090619087,14163694.0
0.015097741968929768,526549.0625,0.04072057828307152,14064884.0
0.015084614045917988,518570.625,0.0439172126352787,14782217.0
0.015099207870662212,524455.5625,0.04378507658839226,14511168.0
0.015106053091585636,529246.4375,0.04327782988548279,14879545.0
0.015094568021595478,527447.6875,0.042954009026288986,15456260.0
0.015089709311723709,523035.46875,0.04215836152434349,13929466.0
0.015105566009879112,531222.1875,0.04322131723165512,15010075.0
0.015153481625020504,537747.3125,0.041340891271829605,14501312.0
0.015114527195692062,521157.59375,0.04118610918521881,14403317.0
0.01510070264339447,522536.3125,0.0409892313182354,14195651.0
0.015097815543413162,521049.5625,0.04072634130716324,14284177.0
0.015100746415555477,518233.03125,0.04301626607775688,14672809.0
0.015092414803802967,524984.8125,0.04343719035387039,14405555.0
0.015073716640472412,521320.875,0.04341261833906174,14691118.0
0.015085062012076378,525833.4375,0.043389271944761276,14661827.0
0.015072095207870007,523527.09375,0.04534464329481125,15074816.0
0.015085987746715546,525682.0,0.045241545885801315,15466521.0
0.015109686180949211,523097.25,0.04442315548658371,14708050.0
0.01510095875710249,527743.1875,0.04238690808415413,14265528.0
0.015054566785693169,524826.25,0.04283373802900314,14387930.0
0.01508504617959261,520635.21875,0.04342098534107208,14797977.0
0.01509395893663168,532661.9375,0.04326104745268822,14589456.0
0.015065080486238003,520531.125,0.044761884957551956,14331832.0
0.015083495527505875,525864.375,0.043551333248615265,14151314.0
0.015078332275152206,530232.1875,0.04265199974179268,14340629.0
0.015082955360412598,524124.46875,0.04354528337717056,14681667.0
0.015037906356155872,522083.96875,0.04394761100411415,14334911.0
0.015092545188963413,524251.4375,0.04368257522583008,14518724.0
0.015063115395605564,529049.4375,0.043018877506256104,14594721.0
0.01507476158440113,530936.125,0.04255650192499161,13993749.0
0.015071781352162361,521405.09375,0.04237930849194527,14519653.0
0.015051204711198807,526237.25,0.04257595166563988,14193620.0
0.015046369284391403,523401.53125,0.0439249686896801,14380588.0
0.015053446404635906,524129.28125,0.0436621829867363,14141750.0
0.015066489577293396,521443.4375,0.042617570608854294,14078549.0
0.015067272819578648,521394.96875,0.042380206286907196,14005150.0
0.015057561919093132,520908.9375,0.04260646924376488,14180617.0
0.01505961176007986,518077.21875,0.044011425226926804,14257366.0
0.015063444152474403,520608.28125,0.04353027790784836,14312909.0
0.015065263956785202,519160.9375,0.04425869509577751,14617110.0
0.015071040019392967,517945.65625,0.04507019743323326,15037191.0
0.015063011087477207,517381.53125,0.04165741428732872,14269049.0
0.015065884217619896,523852.15625,0.04288982227444649,14024597.0
0.0150714460760355,525434.625,0.04443453624844551,14998153.0
0.015059138648211956,518190.6875,0.04429801180958748,14567857.0
0.015027128159999847,525218.125,0.041359711438417435,13940268.0
0.015016031451523304,519033.0625,0.045698996633291245,14414611.0
0.015043633989989758,516110.90625,0.04292672127485275,14099281.0
0.01503771636635065,511170.40625,0.04442882537841797,14359793.0
0.015009027905762196,515063.1875,0.04486522078514099,14185684.0
0.015034318901598454,517956.625,0.043625153601169586,14369533.0
0.015054761432111263,519992.21875,0.04374421760439873,14282033.0
0.015014339238405228,518658.25,0.0455591194331646,14541129.0
0.015051454305648804,515387.90625,0.04354528337717056,14468410.0
0.015020816586911678,518585.0625,0.044595323503017426,14242881.0
0.015047266148030758,512974.6875,0.0433320514857769,14127520.0
0.015005156397819519,517128.9375,0.04453244060277939,14121341.0
0.015046791173517704,512267.34375,0.0450877770781517,14712417.0
0.015049781650304794,520318.09375,0.044465046375989914,14321411.0
0.015032157301902771,524636.5625,0.04363575205206871,14129995.0
0.015028714202344418,517212.34375,0.0442974828183651,13908950.0
0.015041659586131573,516939.875,0.044241808354854584,14140328.0
0.015015056356787682,519544.5,0.044116534292697906,13950017.0
0.015005587600171566,508953.5,0.0431186743080616,13871346.0
0.015002957545220852,514908.15625,0.0427124984562397,13477178.0
0.01499949675053358,517679.65625,0.043944668024778366,14121221.0
0.01503207627683878,506773.875,0.04417335242033005,13907512.0
0.014997501857578754,504273.875,0.046129047870635986,14549980.0
0.014965587295591831,512503.375,0.04480106011033058,14223640.0
0.01498413272202015,514667.84375,0.045721299946308136,14512137.0
0.01499827392399311,508513.59375,0.04448550567030907,14447513.0
0.014984684996306896,515823.0,0.04392002522945404,13542592.0
0.014966670423746109,506491.34375,0.04481527581810951,14048860.0
0.014968558214604855,508776.875,0.04554348438978195,14434395.0
0.014982444234192371,512447.34375,0.04583574831485748,14317575.0
0.01496928557753563,509076.4375,0.0449473075568676,13922710.0
0.014957585372030735,511853.0,0.04585306718945503,14383400.0
0.014944730326533318,511785.25,0.045448385179042816,14347967.0
0.014920856803655624,509799.03125,0.0446658730506897,13696304.0
0.014938367530703545,512583.15625,0.044454175978899,13498128.0
0.014964492060244083,507788.28125,0.04514811560511589,13888146.0
0.014943328686058521,509583.3125,0.0448705218732357,13865984.0
0.014929627999663353,509965.625,0.04546163231134415,14080718.0
0.014946401119232178,513270.0,0.04471069946885109,13341276.0
0.014926845207810402,509595.4375,0.04504470154643059,13730583.0
0.01492333598434925,513019.21875,0.04483211413025856,13223630.0
0.014922825619578362,511012.75,0.04335977882146835,12893504.0
0.014909587800502777,507525.0625,0.045598164200782776,13705132.0
0.014931008219718933,508689.125,0.04355300962924957,13244637.0
0.014930780977010727,507890.40625,0.04617320001125336,14644335.0
0.014902753755450249,507584.34375,0.04420013353228569,13130047.0
0.014924850314855576,499689.34375,0.04561764746904373,14129879.0
0.014922739937901497,506792.21875,0.04445023462176323,13358254.0
0.0149465287104249,506033.5625,0.04559837281703949,14087969.0
0.014887936413288116,506663.25,0.044567231088876724,13616219.0
0.014895109459757805,504357.5625,0.044943228363990784,13764706.0
0.014925956726074219,507961.0,0.045333992689847946,13778415.0
0.014871448278427124,507578.6875,0.04450679197907448,13723505.0
0.014912104234099388,503491.375,0.04376549646258354,13419609.0
0.014888821169734001,506560.1875,0.04556427523493767,14007077.0
0.014895458705723286,506698.0625,0.04473520815372467,14113712.0
0.014890244230628014,513905.5625,0.044015634804964066,13367519.0
0.014891590923070908,508978.4375,0.04500284418463707,13442555.0
0.014876292087137699,508725.90625,0.045615870505571365,13873039.0
0.014897242188453674,507419.625,0.0458773598074913,13687516.0
0.014866858720779419,502538.6875,0.04621828719973564,13847203.0
0.01486161071807146,511051.9375,0.04452798515558243,13302156.0
0.014874495565891266,501000.09375,0.04665309935808182,14029859.0
0.014881043694913387,517395.78125,0.04619841277599335,14205441.0
0.01487536821514368,506740.71875,0.04446229338645935,13276811.0
0.014845526777207851,503639.75,0.045402511954307556,13881132.0
0.014869445003569126,510886.71875,0.04478920251131058,13520165.0
0.014862032607197762,510731.875,0.04358363151550293,12796454.0
0.014868086203932762,506012.90625,0.047671474516391754,14127003.0
0.01488446444272995,512549.65625,0.04622139036655426,13967282.0
0.014858411625027657,503799.65625,0.045678671449422836,13788541.0
0.014857540838420391,513027.4375,0.04568551853299141,13652756.0
0.014875223860144615,504179.15625,0.04599100723862648,14017249.0
0.014865411445498466,506806.625,0.04522339999675751,13422077.0
0.014846190810203552,505166.6875,0.04497821629047394,13357845.0
0.014841096475720406,503200.78125,0.04527975618839264,13590117.0
0.014844674617052078,506356.9375,0.04697522893548012,14180269.0
0.014833030290901661,501772.34375,0.045267023146152496,13845764.0
0.014820952899754047,509578.53125,0.04584122076630592,14010742.0
0.014828256331384182,506992.96875,0.0441148541867733,13314552.0
0.014826968312263489,504448.0625,0.045710716396570206,13644432.0
0.014863193035125732,504781.09375,0.04584135487675667,13506417.0
0.014843390323221684,510845.40625,0.04532923176884651,13761522.0
0.0148317851126194,506191.8125,0.04639293625950813,13936775.0
0.014835060574114323,503819.875,0.04570120573043823,13625161.0
0.014827946200966835,502753.9375,0.04517612233757973,13513719.0
0.014861810952425003,515801.21875,0.04473505914211273,13392499.0
0.014832847751677036,511267.125,0.04443060979247093,13420807.0
0.01480911672115326,504416.875,0.04812369495630264,14458862.0
0.014786932617425919,500556.875,0.045363739132881165,13492568.0
0.01479767169803381,507973.71875,0.0460934042930603,13691641.0
0.014855139888823032,506762.5625,0.043951913714408875,12982289.0
0.014825645834207535,509445.0,0.043399628251791,13244388.0
0.014806961640715599,503424.375,0.044767558574676514,13760184.0
0.01483039278537035,504534.84375,0.0442596860229969,13055152.0
0.014816517941653728,499771.34375,0.045017022639513016,13514563.0
0.014827558770775795,505643.25,0.04488682001829147,13799658.0
0.014827214181423187,504160.6875,0.044736962765455246,13717367.0
0.0148008419200778,506979.375,0.044347986578941345,13892328.0
0.014801272191107273,503875.4375,0.04585622623562813,13890298.0
0.014802220277488232,504837.1875,0.043503958731889725,13194039.0
0.014788853004574776,507045.65625,0.045234814286231995,13936180.0
0.014804253354668617,509200.96875,0.04490963742136955,13806481.0
0.014829392544925213,507941.125,0.04513738676905632,13340162.0
0.01479433011263609,510040.875,0.04262392967939377,12712507.0
0.01480162050575018,500796.0,0.043526384979486465,12819768.0
0.01480625756084919,500736.84375,0.04503047838807106,13684175.0
0.014789632521569729,504730.59375,0.04392099380493164,13274816.0
0.014800747856497765,507845.65625,0.04453759640455246,13579556.0
0.014818388037383556,505654.1875,0.044616978615522385,13915554.0
0.01481552328914404,512082.71875,0.04261709004640579,12869766.0
0.014799431897699833,510823.46875,0.04486377537250519,13565576.0
0.014838294126093388,510243.9375,0.04455246403813362,13326994.0
0.014763669110834599,501613.875,0.04467860981822014,13797343.0
0.014820581302046776,513692.1875,0.044723302125930786,13613193.0
0.014796636998653412,511261.125,0.04358501359820366,13219761.0
0.0147709921002388,511452.125,0.04489949345588684,13639438.0
0.014752976596355438,505121.90625,0.04492734372615814,13668763.0
0.014783424325287342,502959.78125,0.043756525963544846,13433992.0
0.014739072881639004,498628.15625,0.04383347928524017,13133301.0
0.014751503244042397,503779.375,0.04445355385541916,13636473.0
0.014734365977346897,499692.34375,0.04503536596894264,13496020.0
0.014735597185790539,499954.53125,0.04579587280750275,13863479.0
0.01473280694335699,505053.3125,0.04536401107907295,13809308.0
0.014740755781531334,502335.0625,0.044685397297143936,13573135.0
0.014746745117008686,503535.3125,0.04465606436133385,13456170.0
0.014714532531797886,506316.21875,0.04558336362242699,14126639.0
0.014715421013534069,508765.0625,0.04425743967294693,13693735.0
0.014707254245877266,501485.46875,0.04551509767770767,13857612.0
0.014743405394256115,499999.0,0.043969374150037766,13032808.0
0.014703740365803242,505153.09375,0.04597361385822296,13937819.0
0.01473174151033163,497481.84375,0.04477425292134285,13439256.0
0.01470249705016613,497520.0,0.044988956302404404,14062135.0
0.01471865177154541,506010.40625,0.045195937156677246,13710876.0
0.014728911221027374,498279.875,0.044972505420446396,13606522.0
0.01471784058958292,503271.84375,0.045921314507722855,13833669.0
0.014710606075823307,504779.84375,0.04385115206241608,13005189.0
0.01474709901958704,507972.46875,0.045968275517225266,14035158.0
0.01472634170204401,506405.46875,0.04640449956059456,13937461.0
0.014706556685268879,498306.78125,0.04558213800191879,14001617.0
0.0147103788331151,496637.46875,0.044675569981336594,13529830.0
0.014737413264811039,498780.4375,0.046033382415771484,13897674.0
0.01470563281327486,494486.5625,0.046355947852134705,14455782.0
0.014703396707773209,502691.375,0.045543693006038666,13645543.0
0.01471711229532957,503569.84375,0.04506000503897667,13647477.0
0.014706152491271496,502427.53125,0.04550494998693466,14077907.0
0.014732039533555508,507517.40625,0.047400571405887604,14297724.0
0.014687929302453995,501838.25,0.044144853949546814,13815814.0
0.014715478755533695,503260.84375,0.04627440124750137,13864834.0
0.014714025892317295,498824.125,0.04637506604194641,14178097.0
0.014656578190624714,502649.875,0.046010129153728485,14112790.0
0.014700979925692081,503782.46875,0.04506576433777809,13572225.0
0.014720560051500797,503238.15625,0.044643647968769073,13780454.0
0.01467964518815279,506065.96875,0.0460309237241745,13977981.0
0.014716686680912971,499791.5625,0.04683857038617134,14317892.0
0.014686514623463154,501336.59375,0.04474584385752678,13689645.0
0.014711450785398483,496125.125,0.04452783614397049,13629678.0
0.014682562090456486,503599.5,0.0459769107401371,13878271.0
0.0147026926279068,504251.65625,0.04604898393154144,14140740.0
0.014690185897052288,506694.71875,0.046085748821496964,14175631.0
0.014672449789941311,500775.96875,0.04668699577450752,14407637.0
0.014690425246953964,500639.1875,0.045630019158124924,13694135.0
0.014701168984174728,500021.5,0.04560942202806473,13696355.0
0.014682460576295853,499814.3125,0.045263390988111496,13666177.0
0.014680774882435799,498319.4375,0.04396683722734451,12885057.0
0.014738224446773529,507662.09375,0.04455573484301567,13199660.0
0.014670978300273418,501637.4375,0.04593752697110176,13822493.0
0.014704334549605846,500585.65625,0.044828902930021286,13438995.0
0.014719078317284584,505358.8125,0.04686972126364708,14224916.0
0.014683996327221394,501455.03125,0.04584317281842232,13971788.0
0.014712988398969173,499845.65625,0.04586417227983475,13940245.0
0.014667210169136524,497452.09375,0.045649852603673935,14211386.0
0.01469729095697403,506857.28125,0.044828519225120544,13449408.0
0.014729898422956467,504956.71875,0.047054629772901535,14205744.0
0.014713281765580177,502947.59375,0.0459149070084095,13755094.0
0.014724377542734146,507513.75,0.04566556587815285,13862029.0
0.014689831994473934,498663.78125,0.04540582746267319,13694844.0
0.014690486714243889,497850.0,0.04611917957663536,13845939.0
0.014684103429317474,503492.03125,0.045340877026319504,13664901.0
0.014658275991678238,502357.40625,0.04582972824573517,13520893.0
0.014679662883281708,498689.875,0.0453457348048687,13775915.0
0.01470316480845213,502262.34375,0.04659828171133995,14206886.0
0.014683444984257221,499347.125,0.04446801543235779,13155187.0
0.014683368615806103,495658.65625,0.04844534024596214,14953279.0
0.014699415303766727,497170.34375,0.04578850790858269,13736108.0
0.01468478050082922,494132.21875,0.04472983628511429,13475831.0
0.014657484367489815,497967.125,0.04655546694993973,14002288.0
0.01465124636888504,502666.09375,0.04589555785059929,13782630.0
0.014669174328446388,503006.8125,0.04585229605436325,13831577.0
0.014660452492535114,496395.65625,0.04499150812625885,13386283.0
0.014669696800410748,499201.96875,0.04449455812573433,13784274.0
0.014668582007288933,503967.9375,0.046809934079647064,14430901.0
0.014661462977528572,500101.625,0.04634992405772209,13877183.0
0.014674998819828033,499196.46875,0.047642361372709274,14671157.0
0.0146543113514781,498803.96875,0.04558736830949783,13826286.0
0.014680524356663227,494642.9375,0.04612525925040245,14039791.0
0.014654061757028103,497318.28125,0.04535441845655441,13624475.0
0.014674468897283077,499721.25,0.044933345168828964,13568368.0
0.01469870749861002,503526.4375,0.04566098377108574,13807011.0
0.014672254212200642,502642.59375,0.04604640230536461,13872647.0
0.014677069149911404,503704.71875,0.04518502950668335,13490325.0
0.014670980162918568,501190.3125,0.04595422372221947,13947216.0
0.014692331664264202,495284.15625,0.046379707753658295,13822075.0
0.014688622206449509,497912.25,0.04572174698114395,14143330.0
0.014669660478830338,502159.875,0.04635726287961006,14127280.0
0.014644378796219826,498515.875,0.04565823823213577,13589536.0
0.014650668948888779,505081.71875,0.04659641161561012,13939412.0
0.014640139415860176,496775.59375,0.0463455393910408,13985835.0
0.014666909351944923,500733.09375,0.04612652212381363,14040195.0
0.014667736366391182,503130.0625,0.046397287398576736,14195617.0
0.014659342356026173,505410.875,0.04681936651468277,13855995.0
0.014662289060652256,499800.90625,0.046671897172927856,13963988.0
0.014674520120024681,495933.6875,0.0475369468331337,14642486.0
0.01466464065015316,500996.625,0.0469169057905674,14001819.0
0.014668901450932026,499905.5,0.04469742998480797,13572300.0
0.014674490317702293,501145.34375,0.04726303368806839,14444375.0
0.014649578370153904,495154.4375,0.044773634523153305,13523547.0
0.014672237448394299,499479.28125,0.04583144560456276,13414492.0
0.014680218882858753,496197.4375,0.04473043233156204,13725551.0
0.01463564857840538,494838.4375,0.04679916054010391,14187786.0
0.014652518555521965,504799.78125,0.04740118235349655,14187338.0
0.0146738700568676,491741.90625,0.047637563198804855,14445704.0
0.01465879287570715,495353.78125,0.04626542329788208,14045484.0
0.014658101834356785,499624.28125,0.0447801873087883,13558526.0
0.014666982926428318,501988.75,0.04514409974217415,13652704.0
0.014642991125583649,495582.25,0.04569621756672859,13992853.0
0.014652554877102375,496948.84375,0.04671768471598625,14346335.0
0.014634547755122185,499630.15625,0.04679659754037857,14235904.0
0.014647186733782291,500170.09375,0.04497594013810158,13811144.0
0.014675972051918507,497867.9375,0.04628615453839302,13884828.0
0.014681796543300152,498316.96875,0.045784465968608856,13900367.0
0.014697901904582977,505291.4375,0.04632218927145004,13901090.0
0.014655832201242447,496348.0625,0.046971503645181656,14731130.0
0.014649820514023304,496957.28125,0.045799899846315384,13738737.0
0.014626235701143742,493550.96875,0.04644419625401497,14483244.0
0.014657353982329369,495984.0625,0.046498414129018784,14226734.0
0.014634265564382076,496671.96875,0.04547162353992462,13772297.0
0.014620162546634674,500114.3125,0.045610882341861725,13694072.0
0.01464421208947897,488490.84375,0.04650689288973808,14144964.0
0.014666423201560974,497265.3125,0.046480048447847366,14049654.0
0.014651022851467133,494860.5,0.045138515532016754,13456909.0
0.014663269743323326,501714.5,0.04580215737223625,13930777.0
0.014625503681600094,493094.3125,0.04540843516588211,13860068.0
0.014646732248365879,500337.53125,0.04628239572048187,14127510.0
0.01464893389493227,498139.09375,0.045533984899520874,14010460.0
0.014662726782262325,501155.0,0.04676814004778862,14375433.0
0.014635518193244934,499167.9375,0.04616329446434975,14073084.0
0.014676738530397415,497065.96875,0.04574557766318321,13910908.0
0.014637155458331108,493261.625,0.047110408544540405,14887279.0
0.01463156845420599,494004.65625,0.046455882489681244,14271290.0
0.014641701243817806,496417.625,0.046210289001464844,14291957.0
0.01464956346899271,492595.90625,0.04620194807648659,14390804.0
0.014662468805909157,502688.875,0.045345012098550797,13734441.0
0.014629506506025791,498623.90625,0.04640134051442146,14299607.0
0.014639237895607948,495835.34375,0.04630820080637932,14148060.0
0.014630775898694992,499746.875,0.04800168797373772,14986483.0
0.014643402770161629,489464.46875,0.04698347672820091,13966006.0
0.014682386070489883,498178.71875,0.04613014683127403,13814023.0
0.014635688625276089,496254.25,0.04697570204734802,14401634.0
0.014629027806222439,505539.75,0.045658838003873825,13742382.0
0.014635521918535233,491811.875,0.04658538103103638,14261980.0
0.014656809158623219,495934.0625,0.04501618444919586,13671621.0
0.01465615164488554,495911.9375,0.04674060642719269,14229284.0
0.014636470004916191,502186.78125,0.047002311795949936,14370780.0
0.014644822105765343,492715.0625,0.0466771237552166,14375079.0
0.01464161928743124,498145.3125,0.04694546014070511,14253893.0
0.014647399075329304,505432.21875,0.046505190432071686,14589151.0
0.014680307358503342,497929.0,0.04579365253448486,14010009.0
0.014629135839641094,494314.15625,0.04561896622180939,14097875.0
0.014635860919952393,493958.625,0.04598783329129219,13932314.0
0.014635162428021431,498688.90625,0.04621443897485733,13960418.0
0.014658560045063496,492892.25,0.04619251564145088,14113251.0
0.01464163325726986,498088.4375,0.045322079211473465,13580687.0
0.01465515699237585,491334.21875,0.04545266181230545,13961604.0
0.014663764275610447,502106.8125,0.04735169559717178,14609777.0
0.014612710103392601,492051.3125,0.046544332057237625,14295994.0
0.014629705809056759,493760.96875,0.045964378863573074,14232987.0
0.014639358967542648,489092.65625,0.04645837843418121,14476590.0
0.014655235223472118,496301.875,0.04573821276426315,13931835.0
0.01462456677109003,493871.96875,0.04617986083030701,14270590.0
0.014627257362008095,495770.84375,0.04806721583008766,14778699.0
0.014621950685977936,486755.71875,0.04650011286139488,13965018.0
0.014632835052907467,492358.21875,0.0474093072116375,14333758.0
0.014656907878816128,494883.03125,0.046082668006420135,14442436.0
0.014615456573665142,497140.8125,0.046292684972286224,14042487.0
0.014634872786700726,495304.0,0.046486008912324905,14251319.0
0.014643894508481026,497402.5625,0.0462145060300827,14124652.0
0.01463808212429285,496468.1875,0.045748841017484665,13795267.0
0.014623613096773624,497400.59375,0.04652959480881691,14015152.0
0.014638128690421581,498851.09375,0.04615562781691551,13888502.0
0.014618972316384315,502457.53125,0.04497121274471283,13619881.0
0.014609798789024353,494521.4375,0.0460304394364357,14336106.0
0.014612742699682713,492846.96875,0.0463462769985199,14194970.0
0.01463904045522213,499122.25,0.04704691097140312,14578882.0
0.01460210233926773,492773.78125,0.0463261678814888,14400269.0
0.014596235007047653,499692.34375,0.04705095291137695,14622442.0
0.014650534838438034,488005.9375,0.04616537317633629,14202983.0
0.014628199860453606,495831.03125,0.046969324350357056,14944698.0
0.014612412080168724,493904.625,0.04642149806022644,14100664.0
0.0146112572401762,502747.96875,0.046236302703619,14094238.0
0.014663595706224442,494317.96875,0.04609077796339989,13904998.0
0.014613891020417213,492092.1875,0.04659010469913483,14314056.0
0.014618223533034325,489743.15625,0.04690573364496231,14325347.0
0.014603637158870697,502823.78125,0.047327764332294464,14497706.0
0.014604742638766766,496730.125,0.04660795256495476,14418796.0
0.014626248739659786,489765.875,0.04695824161171913,14419487.0
0.01463212352246046,499156.8125,0.047092750668525696,14394111.0
0.014606411568820477,497686.1875,0.047121286392211914,14365194.0
0.014595460146665573,499564.09375,0.04852544888854027,14484288.0
0.014620880596339703,492104.375,0.04734579473733902,14203480.0
0.014592532999813557,499748.1875,0.04821494594216347,14866955.0
0.01457844115793705,494566.96875,0.0467921681702137,14438405.0
0.014599955640733242,494229.0,0.04884650558233261,14590324.0
0.014593899250030518,493679.625,0.04867732152342796,14878857.0
0.014603746123611927,496707.0625,0.0470777302980423,14437812.0
0.014597305096685886,497522.28125,0.04622042551636696,14435458.0
0.014598640613257885,492579.84375,0.04822349548339844,14498888.0
0.014615422114729881,495662.21875,0.04789414629340172,14421431.0
0.014616359956562519,492157.46875,0.048251304775476456,14614430.0
0.014591903425753117,494821.125,0.047410279512405396,14482905.0
0.0145927919074893,497126.9375,0.04623224213719368,13858712.0
0.014592728577554226,490678.6875,0.04604497179389,13801410.0
0.014606369659304619,492605.59375,0.046997252851724625,14219742.0
0.014598404057323933,491235.59375,0.04841220751404762,15153112.0
0.014580504968762398,494509.4375,0.047773342579603195,14708511.0
0.014588586986064911,483260.71875,0.04681232571601868,14012759.0
0.014609653502702713,492791.09375,0.04760591685771942,14156260.0
0.014596320688724518,492241.375,0.0494161918759346,15319257.0
0.014613458886742592,491493.28125,0.046152688562870026,13983785.0
0.014595569111406803,497242.0,0.047196101397275925,14360167.0
0.014613448642194271,491795.625,0.049139685928821564,15555429.0
0.014583026990294456,492007.3125,0.04668999835848808,14700278.0
0.014573104679584503,495470.03125,0.04781997576355934,14789158.0
0.014569827355444431,493754.09375,0.04814011976122856,14553571.0
0.014592789113521576,493324.34375,0.04706549644470215,14772422.0
0.014642654918134212,495432.59375,0.04813648387789726,14620962.0
0.014594747684895992,493463.8125,0.04823155701160431,14986825.0
0.014587289653718472,491386.15625,0.047348879277706146,14391089.0
0.014564194716513157,488413.40625,0.04789973422884941,14734659.0
0.014589501544833183,494705.0625,0.04831783100962639,14787465.0
0.014600721187889576,490916.8125,0.04847745597362518,14669781.0
0.014594422653317451,489443.90625,0.04661894962191582,14249860.0
0.014592611230909824,492866.21875,0.047776609659194946,14865641.0
0.014592914842069149,493909.5,0.04849293828010559,14977035.0
0.014598239213228226,495242.125,0.0499621257185936,15528688.0
0.01459243893623352,484159.875,0.04869171604514122,14803115.0
0.014590295031666756,498775.3125,0.04697207361459732,14501176.0
0.014592141844332218,492553.90625,0.04911863058805466,15131438.0
0.014643407426774502,495000.59375,0.04677795618772507,14473922.0
0.01458828430622816,488709.4375,0.04835312068462372,14719332.0
0.014571623876690865,490454.75,0.04751775786280632,14571206.0
0.01460407953709364,487376.625,0.04684171825647354,14067330.0
0.014594953507184982,492976.625,0.04802108556032181,14841564.0
0.014591214247047901,493208.78125,0.04831921309232712,14569811.0
0.014578196220099926,495171.78125,0.04784100502729416,14676863.0
0.014597391709685326,489068.96875,0.04850081726908684,15192969.0
0.014578472822904587,488450.9375,0.04669291526079178,14209787.0
0.014567574486136436,491197.75,0.047285448759794235,14795911.0
0.014585934579372406,488798.4375,0.04847879335284233,14862810.0
0.014571396633982658,492083.15625,0.05035126209259033,15249172.0
0.014555573463439941,494661.0625,0.04794863611459732,14821515.0
0.014584394171833992,490456.09375,0.05013637617230415,15444787.0
0.014563807286322117,497905.09375,0.04787551611661911,14445876.0
0.014590672217309475,489536.53125,0.0462510772049427,14124302.0
0.014587446115911007,489505.3125,0.04809517040848732,14731189.0
0.01460964884608984,490470.03125,0.04873726889491081,14787368.0
0.014571539126336575,493186.1875,0.048141252249479294,14793611.0
0.014603560790419579,495802.75,0.04714600369334221,14457524.0
0.014610690996050835,495407.4375,0.048790935426950455,14411599.0
0.014589211903512478,496031.21875,0.0495811328291893,15116610.0
0.014580984599888325,492041.25,0.04801275208592415,14443929.0
0.014600281603634357,479290.375,0.04710943624377251,14472277.0
0.014588156715035439,488400.15625,0.04786118492484093,14982672.0
0.014562566764652729,489588.03125,0.047937918454408646,14572691.0
0.014574109576642513,488651.78125,0.04748162999749184,14806519.0
0.014571523293852806,486517.375,0.04870113730430603,15112000.0
0.014572151936590672,489484.5,0.04786917194724083,14764836.0
0.01456211507320404,477303.4375,0.04765826091170311,14696792.0
0.014605073258280754,486882.09375,0.04788827523589134,14825158.0
0.014589657075703144,486272.53125,0.0483659990131855,14793683.0
0.014587664045393467,490794.28125,0.04963400587439537,15003016.0
0.014569859951734543,490907.34375,0.04811472445726395,14736788.0
0.014567861333489418,488017.5,0.047537460923194885,14864100.0
0.014570211060345173,485382.28125,0.047279439866542816,14584393.0
0.014593723230063915,492844.25,0.04642604663968086,14072046.0
0.01456215139478445,493190.125,0.04927222430706024,15099820.0
0.014607749879360199,490137.28125,0.048488810658454895,14906557.0
0.014569013379514217,486958.90625,0.04727513715624809,14218812.0
0.014584430493414402,496002.96875,0.04647604376077652,14091538.0
0.014574799686670303,487330.9375,0.04921668767929077,15349208.0
0.014595519751310349,486056.0,0.04779963567852974,14571301.0
0.014587164856493473,493214.09375,0.04726136103272438,14761909.0
0.014563312754034996,497058.09375,0.04680345952510834,14602399.0
0.014543059282004833,497697.53125,0.04774196818470955,14409938.0
0.014593119733035564,494739.125,0.047828495502471924,14403028.0
0.014557406306266785,485630.125,0.04850751534104347,14904005.0
0.014605198055505753,488941.65625,0.04822351038455963,14703269.0
0.014593414030969143,491425.84375,0.04834567382931709,14831924.0
0.01457368116825819,490820.0625,0.047141410410404205,14754740.0
0.014575335197150707,495687.21875,0.047685980796813965,14592744.0
0.014558186754584312,494641.375,0.0471426360309124,14339827.0
0.014584895223379135,489625.5,0.04738551750779152,14719744.0
0.014564761891961098,484376.34375,0.0479033887386322,14601131.0
0.014603189192712307,488128.8125,0.047219399362802505,14676584.0
0.014572679996490479,486139.40625,0.04787732660770416,14572139.0
0.014568516984581947,486315.21875,0.04808400571346283,14937660.0
0.014597062952816486,485878.03125,0.04701094329357147,14230536.0
0.014571094885468483,492867.5625,0.04876742511987686,14890793.0
0.014587410725653172,493274.0,0.04651087522506714,14331630.0
0.014576392248272896,492364.53125,0.046180278062820435,13997558.0
0.01459045335650444,489134.5625,0.04634733498096466,14381126.0
0.014560277573764324,486355.5,0.04846649989485741,14928630.0
0.014550827443599701,484896.84375,0.04799704626202583,14737999.0
0.014585070312023163,493742.875,0.04865260049700737,14871283.0
